,mongodb-mongodb-27017,rabbitmq-rabbitmq-15672,order-service-order-service-3000,makeline-service-makeline-service-3001,product-service-product-service-3002,store-front-store-front-8080,store-admin-store-admin-8081,virtual-customer-virtual-customer,virtual-worker-virtual-worker
mongodb,✗,✗,✗,✗,✗,✗,✗,✗,✗
rabbitmq,✗,✗,✗,✗,✗,✗,✗,✗,✗
order-service,✗,✗,✗,✗,✗,✗,✗,✗,✗
makeline-service,✗,✗,✗,✗,✗,✗,✗,✗,✗
product-service,✗,✗,✗,✗,✗,✗,✗,✗,✗
store-front,✗,✗,✗,✗,✗,✗,✗,✗,✗
store-admin,✗,✗,✗,✗,✗,✗,✗,✗,✗
virtual-customer,✗,✗,✗,✗,✗,✗,✗,✗,✗
virtual-worker,✗,✗,✗,✗,✗,✗,✗,✗,✗
